variance,skewness,curtosis,entropy,extra_1,extra_2,extra_3
0,2,-2,-0.42,10.1,1.2,A
4.5459,8.1674,-2.4586,-1.4621,9.8,3.4,B
3.866,-2.6383,1.9242,0.10645,7.2,0.0,C
3.4566,9.5228,-4.0112,-3.5944,5.9,-1.1,D
0.32924,-4.4552,4.5718,-0.9888,6.1,2.5,E
